post_id,post_text,label,edge_notes
01,"Sweden were threatening during those 20-25 mins after the hydration break and before the half time. Second half completely different. I believe Potter wouldn't have had time to explain tactics during the first half break when he gave up all the time for the irrelevant interview",reaction,
02,"Swedes are playing some good football in playoff they looked really good even though I cheered against them. First match here as well. Now I'll actually cheer for them don't disappoint me again Swedes )",reaction,Very close to hot take but (first match here as well) part makes it a reaction
03,"When the game gets momentum and reach at its peak point the hydration break appears and completely ruins the momentum and also the game experience for the viewer. Football is one of a sport for those moments. Normally outside WC the team conceding attacks after attacks pray for a halftime whistle to go to the tunnel to break the momentum and to regroup. Now they basically get that chance in the middle of a half!!I find it utterly disgusting and would like to know what do you all think about it?",hot_take,Already have to upgrade definition. I only focused on players but this is match based
04,"I am tired of people saying or acting like assists are the ultimate metric for playmaking they are not Suarez and Lewandowski both have 386 career assists combined while Kross and Iniesta have only 336 yet obviously everyone with a basic understanding of football knows that Kross and Iniesta are much much better playmakers because for me being a playmaker is the ability to make or start a goal opportunity out of nothing (for example having the ball in the midfield with every player in the other team in front of you and making an accurate cross into the lane to the winger) rather than finishing an already promising chance (crossing the ball to your teammate in a one vs two for an easy tap in) obviously assists do matter and if you are really good at playmaking you are gonna have a lot of assists probably but all I am saying it's that it's not as simple as ""x player is a better playmaker than x because he has more assists""",analysis,
05,"In 2005 Zwayer was involved in the match fixing scandal which centered around 2. Bundesliga referee Robert Hoyzer who took bribes to fix several matches which he officiated. Zwayer assisted him in a match and allegedly accepted a bribe of 300 euros to avoid critical scenes for Wuppertaler SV. In January 2005 he and three other high-ranking referees informed the DFB about Hoyzer's match fixing. He was subsequently banned from refereeing for 6 months a suspension that was kept secret for several years until the German newspaper Die Zeitpublished a secret file from the German FA.",analysis,
06,"Not sure whether to be more impressed with Haiti or disappointed with Brazil. I was sure it was going to be another 6-0 Canada vs Qatar type game.",reaction,
07,"Morocco is going through a transition their ball now is trynna be more of a higher press which could leave holes in the back.. Their last few games clearly show flaws that could easily be used by more experienced/skilled opponents a fast Mbappe paired with Olise or a Pedri with Yamal heck it’d be quite a fun midfield game with Vitinha and Bruno..",hot_take,No verifyable evidence and player names aren't evidence for analysis
08,"Bouaddi is seriously impressive. Not the best quality game thought Morocco would go after it a bit more to at least have a two goal cushion. Scotland were pretty solid but seeing them go down in the box so much was tiring seemed like the players didn't believe they were getting a goal from anywhere other than the spot",reaction,
09,"The problem is he didn't punish their flops. There were some painfully obvious ones and if you flop 10 times and only win 5 that's still a net win. Scotland should have pressed more and should have played the whole game how they did in the final 15 but Morocco has been quite unsportsmanlike as of late.",hot_take,
10,"I was rooting for Scotland and they did not deserve any pens in this match. If you've been watching the whole tournament you would see that there are no soft pens being given in this world cup. The refs are allowing teams to play physical. It's on the players to internalise that moving forward and not go down at the slightest hint of contact looking for a pen. This isn't regular club football.",hot_take,
11,"Is the Champions League becoming too commercialized and losing its magic for ordinary fans?",hot_take,
12,"usa's midfield is just running circles round them right now. australia's got decent shape at the back but they're getting picked apart in transition. seen this pattern before where a team sits deep early and gets caught out because they can't win the ball back quick enough. if the aussies want to stay in this they need to get someone pressing higher can't just let usa dictate everything from midfield. reckon they'll adjust at halftime but might be too late by then.",reaction,
13,"USA dropping $6 million and making Pochettino the third highest paid national team coach in the world is looking like a shrewd investment.",hot_take,"almost analysis but does not have evidence presented is unsupported of ""shrewd investment"""
14,"Compare this World Cup to one like 2010 where the amount of elite strikers was endless and it really shows how lacking current is in proper number 9’s and after Kane and Lewa retire it will basically just be Haaland. The 2010 WC had Van Persie Rooney Forlan Villa Klose Suarez Tevez Cavani Falcao Eto’o Henry Chicharito Aguero Gomez Drogba Torres. list goes on and on. At that time even players like Dzeko and Mandzukic were thought of as very good but not World Class when they’d easily be top 5 itw at their peak in today’s game",analysis,historical comparison
15,"We have some world class wingers and mid-fielders in Kone and Davies but watching David flub his chance on Friday is indicative of where we are on finish. Larin's goal was super but I hate to think of what would have happened had it not deflected off the defender. But 10 corners or whatever it was and no significant scoring threat is a sign that we need better and more consistent finishers if we want to win.",analysis,almost hot_take but there is evidence although not statistical there is logical evidence which makes this from hot_take to analysis
16,"Hot take but Mbappé is genuinely the most overrated guy at this whole tournament. France would be way more balanced if he wasn't hoovering up every bit of the attack and the spotlight.",hot_take,
17,"THAT. VINICIUS. GOAL. the chop, then the curl into the top bins against switzerland?? i'm physically shaking rn",reaction,
18,"Funny how people say Mbappé peaked early. The guy came back in 2022 and bagged 8 to take the Golden Boot, hat-trick in the FINAL — before him only Geoff Hurst had ever scored three in a World Cup final.",analysis,
19,"Mark my words, Haaland goes home from this without a single knockout goal. He just vanishes the second the pressure is actually on.",hot_take,borderline reaction but claim is portable
20,"2-0 down to SAUDI ARABIA at the break and argentina look completely lost?? what is even happening right now",reaction,genuine in-match shock at scoreline
21,"People sleep on this — Klose is the all-time World Cup top scorer, 16 across four tournaments, but that's barely a goal every other game. Tells you longevity and tournament fitness count for more than a hot scoring streak.",analysis,record-based historical comparison carries the point
22,"going to say what everyone's thinking: Bellingham has turned into a passenger for England and the whole country is too scared to admit it",hot_take,
23,"canada 1-0 up through jonathan david and i full on SCREAMED in my flat. sorry to my neighbours genuinely",reaction,
24,"reminder that Just Fontaine put away 13 goals in a single World Cup back in 1958 and nobody's gotten within four of it since. between modern defensive setups and way fewer blowouts that number is basically untouchable forever.",analysis,
25,"Vinicius is all theatrics and zero end product the moment it actually matters for the national side. prove me wrong.",hot_take,
26,"mbappe. missing. that pen. in the 89th. i have aged ten full years in the span of ten seconds",reaction,
27,"Messi finally getting it done in 2022 — 7 goals, 3 assists, at 35 — pretty much killed the ""can't do it on the big stage"" thing for good. that's him matching what Maradona did, at an age Maradona never had to.",analysis,historical comparison to Maradona is load-bearing
28,"the USA are hosting so obviously they'll get every single 50-50 from the refs and don't pretend we don't all know it",hot_take,rhetorical-edge implied unsupported claim
29,"morocco vs spain is ELECTRIC right now, both ends, end to end, my heart genuinely cannot take much more of this",reaction,in-match emotional running commentary
30,"compare this striker pool to 2010 and it's grim — that year Villa, Forlán, Klose, Suárez, Sneijder and Müller were all banging in four-plus. the current lot of finishers just doesn't have that kind of depth anywhere.",analysis,
31,"Yamal is being completely propped up by hype and this is the tournament that's going to expose how raw he actually still is",hot_take,
32,"HAALAND HAALAND HAALAND. three already and we're only at the hour. norway are absolutely COOKING",reaction,
33,"everyone goes Ronaldo five Ballon d'Ors, Messi eight — but the bit people forget is Messi's came over a much wider span. that's an argument for a longer sustained peak, not a single golden era.",analysis,
34,"VAR has completely murdered the joy of celebrating a goal and this World Cup is proving it literally every single match",hot_take,
35,"absolutely gutted. england out on pens AGAIN. kane stepped up and ballooned it into orbit. i genuinely cannot keep doing this to myself",reaction,
36,"Haaland's club numbers are insane, nearly a goal a game in the Prem — but Norway never going deep in tournaments is the whole point. club scoring and tournament pedigree are two different things and the second one still separates the all-time greats.",analysis,stats plus qualification history carry argument
37,"Pochettino is the wrong man for the USA, full stop. I'd bet money he's gone before the quarters.",hot_take,
38,"yamal is EIGHTEEN and just nutmegged two croatia defenders before teeing up pedri. what am i actually watching here",reaction,
39,"the choker narrative on Lewandowski falls apart the second you put his UCL knockout conversion next to Ronaldo's over the last decade. the actual finishing numbers in those rounds just don't back it up.",analysis,
40,"Pedri is the single most important midfielder in this entire tournament and nobody outside of Spain is willing to say it out loud",hot_take,
41,"usa getting overrun in midfield rn, mexico keep finding those pockets between the lines. berhalter has GOT to change something at the break",reaction,live tactical read tied to ongoing match
42,"Spain's 2010 side won the whole thing scoring just eight goals in seven games. that's the proof you don't actually need an explosive attack if your possession suffocates everyone you play.",analysis,
43,"I'm sorry but Brazil are frauds until they go and win a knockout game against an actual European heavyweight",hot_take,
44,"WHY is the ref not giving that?!? stonewall handball in the box for portugal and he just waves it on. absolute robbery",reaction,ref frustration bound to this match
45,"Germany 2014 stuck SEVEN past Brazil in a semi and that 7-1 is still the most lopsided knockout result the World Cup's ever seen. it's literally the benchmark we measure a collapse against.",analysis,historical record anchors the claim
46,"Kane's going to choke again once we hit the latter stages. it's just who he is at this point, sorry.",hot_take,borderline reaction but claim is portable
47,"japan 2 germany 1 with twenty to go and the german bench looks like they've collectively seen a ghost. LOVE to see it honestly",reaction,
48,"the obsession with assists as THE playmaking stat is so off. Iniesta and Xavi created entire tournaments worth of chances from deep, while your pure assist merchants are just tapping in cutbacks.",analysis,named players carry the tactical point
49,"the hydration breaks are turning every match into stop-start nonsense and completely killing the flow of the game",hot_take,
50,"that osimhen header for nigeria came out of absolutely NOWHERE, the hang time on it was unreal i swear he hovered",reaction,
51,"Cannavaro winning the Ballon d'Or as a defender in 2006 — and no defender doing it since — tells you everything about how far the award's drifted toward attackers no matter the actual impact on the pitch.",analysis,
52,"Argentina are coasting purely on reputation and I genuinely think this is the tournament it finally catches up with them",hot_take,
53,"i'm so nervous i can't even properly watch the senegal shootout. literally viewing it through my fingers",reaction,
54,"Modrić taking the 2018 Golden Ball ahead of Mbappé and Hazard, at 32, basically proved a deep-lying orchestrator can outweigh raw goal output when it comes to actual tournament value.",analysis,
55,"Musiala is already better than anyone Germany have produced in a decade and honestly it isn't even close",hot_take,
56,"brazil down to ten after that red and it's only the 30th minute?? oh this is going to be a loooong night lads",reaction,in-match worry tied to live red card
57,"Italy missing two straight World Cups in 2018 and 2022 right after winning the Euros in 2020 says it all — knockout one-offs and qualification slogs reward completely different kinds of teams.",analysis,
58,"hosting this across three different countries was a blatant money grab that makes zero sense for the fans who actually have to travel for it",hot_take,
59,"PULISIC WITH THE WINNER IN STOPPAGE TIME. I AM ON THE FLOOR. captain america does it AGAIN",reaction,
60,"Suárez and Lewandowski's combined career assist total sits well below Kroos and Iniesta's — and that's the point. the second pair were conjuring chances from nothing instead of slotting away the easy ones near goal.",analysis,borderline but the stat comparison carries it
61,"Canada are far and away the most overhyped team here and I'll say it now, they won't even survive the group",hot_take,
62,"ecuador holding france to 0-0 at the break and honestly? they deserve more than that. been the better side by a mile",reaction,in-match observation about live game flow
63,"France reaching back-to-back finals in 2018 and 2022 hadn't been done since Brazil in 1998 and 2002. say what you want, that makes them the modern tournament dynasty.",analysis,
64,"Saka is England's best player and it's genuinely criminal that the team isn't built around him",hot_take,
65,"the noise in that stadium the second davies scored for canada gave me actual, physical chills. unreal",reaction,
66,"Cristiano became the first man ever to score at five different World Cups in 2022. that's a longevity record neither Messi nor Klose ever managed to touch.",analysis,
67,"Tuchel is going to overthink England right out of this tournament, watch",hot_take,
68,"genuinely can't tell if i'm more impressed by haiti or embarrassed for belgium right now. this was meant to be routine??",reaction,
69,"2002 gave us South Korea in the semis and Senegal beating France in the opener — proof enough that the right prep can let an underdog topple a favourite over a single game.",analysis,
70,"the offside rule has gotten so technical it now actively punishes attacking football and frankly it should just be scrapped altogether",hot_take,rhetorical-adjacent stance stated as fact
71,"kvaratskhelia is dancing through the danish defence like they aren't even on the pitch. absurd. ABSURD talent",reaction,
72,"Pelé won three World Cups and that 1958–1970 run is still untouched, because no modern player has even reached three finals, let alone won the lot.",analysis,
73,"Lautaro is wildly inconsistent and Argentina would honestly be smarter rolling with someone hungrier up top",hot_take,
74,"3-3 in the 88th, uruguay vs colombia, and i'm fairly sure i haven't taken a single breath in fifteen minutes",reaction,
75,"Maradona basically hauled Argentina to the '86 title himself — 5 goals and 5 assists in one tournament is still the highest combined attacking output from one player in a winning campaign.",analysis,stat-driven historical case
76,"Portugal are flat-out wasting a golden generation because they're too obsessed with building everything around one ageing star",hot_take,
77,"bellingham scores an absolute worldie and immediately busts out the celebration. the sheer ARROGANCE. i love him",reaction,
78,"Kane got six at Russia 2018 for the Golden Boot but three were penalties — that's exactly why his tournament sits below Mbappé's eight from open play in 2022.",analysis,
79,"Wirtz is the most creative player at this World Cup and the rest of the field aren't even in the conversation",hot_take,
80,"scotland actually winning a knockout game. never thought i'd live to see the day. not ashamed to say i'm tearing up a bit",reaction,
81,"Brazil haven't won a World Cup since 2002 — a 20-plus year drought for a five-time winner. just goes to show churning out flair players isn't the same as building a team that survives a tournament.",analysis,
82,"the expanded format has completely watered down the group stage and made the entire first round feel meaningless",hot_take,
83,"saka went down way too easy there, c'mon man. we really don't need to be doing that when we're already on top",reaction,mild frustration tied to live moment
84,"the xG stuff actually backs Messi up — he's outperformed his expected goals consistently for a decade. calling him ""just a creator"" completely ignores the elite finishing baked into his record.",analysis,
85,"Morocco basically proved last cycle was a fluke and they're about to get well and truly found out",hot_take,
86,"musiala is genuinely unplayable today. every single time he gets it, something happens. german fans must be absolutely buzzing",reaction,
87,"Croatia hitting a final in 2018 and a semi in 2022 with a population under four million absolutely dwarfs what much bigger nations have managed. squad cohesion beating raw player pool, basically.",analysis,historical overachievement is the evidence
88,"Foden never turns up for England in the big tournaments and, harsh as it is, he never will",hot_take,
89,"poland conceded inside the first ninety SECONDS. you have got to be joking. right, here we go again lads",reaction,
90,"Forlán took the 2010 Golden Ball for Uruguay but his five goals mostly came from outside the box — that's a striker profile that's practically gone extinct in today's cutback-obsessed game.",analysis,
91,"Mexico flatter to deceive at home every single time and this World Cup is going to be no different",hot_take,
92,"the netherlands have now hit the post THREE separate times. three!! football is a cruel, cruel sport man",reaction,
93,"headbutt aside, Zidane's 2006 run — three goals dragging France to a final at 34 — is your proof that midfield generals age a lot better than the sprinters playing around them.",analysis,
94,"Rodri is so underrated that everyone forgets Spain are basically unplayable the moment he's the one setting the tempo",hot_take,
95,"larin off the bench with the equalizer for canada. now THAT is what you call a substitution",reaction,
96,"Eto'o scored in two Africa Cup finals and led the line for both Cameroon and Barcelona — reducing him to a poacher just ignores all the link play in his peak years.",analysis,
97,"scheduling these afternoon kickoffs in that kind of heat is an absolute disgrace and someone is genuinely going to get hurt",hot_take,
98,"watching argentina chuck away a two-goal lead to saudi arabia is the single most Argentina thing to ever happen. absolutely SICK",reaction,
99,"Gerd Müller got 10 in 1970 and 4 in 1974, and a career international rate north of a goal a game is the bar — one even Haaland is only now starting to close in on.",analysis,
100,"Julián Álvarez should be starting ahead of the bigger names and Argentina are being stubborn for not seeing it",hot_take,
101,"weah down the right is causing serbia all sorts rn, they literally cannot deal with his pace at all",reaction,in-match tactical note tied to live game
102,"the 1994 final went to pens with Romário and Bebeto, and that 0-0 is still the only World Cup ever decided scoreless in regulation. completely reshaped how we judge cautious football.",analysis,
103,"Netherlands always have all the talent in the world and never an ounce of bottle and that pattern is not about to change",hot_take,
104,"spain 5 qatar 0 and it's not even halftime yet. genuinely getting hard to watch as a neutral lol",reaction,
105,"Drogba dragged Ivory Coast out of three group stages and they never advanced — pretty clear proof one elite striker can't carry a side past well-organised European defences on his own.",analysis,
106,"Vitinha is quietly Portugal's best midfielder and he's being criminally overlooked for it",hot_take,
107,"that croatia equalizer in the dying seconds — you simply cannot write this stuff. modric is STILL doing it man",reaction,
108,"Ronaldinho's career peak — the 2002 winners' medal, the 2004–05 Ballon d'Or run — is short next to Messi's whole decade. which is why it's longevity, not just peak brilliance, that decides the all-time list.",analysis,
109,"the refereeing at this World Cup has been the worst i can remember and somehow it's still getting worse by the round",hot_take,
110,"why on earth did we take off our BEST player at 1-1?? what is this manager actually doing. i'm fuming",reaction,in-match frustration not a standing claim
111,"Spain went from 2010 winners to two group-stage exits in 2014 and pretty stale possession by 2018. no tactical system stays on top once everyone figures out how to play against it.",analysis,historical decline arc is the evidence
112,"Pulisic carries the entire USA attack and the second a team marks him out the game they've got absolutely nothing left",hot_take,
113,"vinicius AND yamal on the same pitch is genuinely unfair on everyone else involved. my eyes are blessed today honestly",reaction,
114,"Müller — the Bayern one — broke Lewandowski's single-season Bundesliga record with 41 in 2021, resetting a 49-year-old mark. scoring ceilings just keep climbing as the service gets better.",analysis,
115,"Croatia are simply too old to do another deep run and this is the end of an era for that golden midfield",hot_take,
116,"mexico fans have turned the whole stadium into a wall of green and the energy is contagious even through my tv",reaction,
117,"Italy 1990 conceded the fewest goals any host ever has and still lost the semi on pens — which is the whole reason defence alone has never been enough to actually win you the thing.",analysis,
118,"Bruno Fernandes is a genuine liability who gives the ball away in dangerous areas more often than anybody wants to admit",hot_take,
119,"OFFSIDE?? by his SHOELACE?? VAR has completely ruined that moment, senegal had that goal i swear down",reaction,ref/var frustration bound to this match
120,"Özil racked up 19 Premier League assists in 2015-16 to match Henry's record and still got scapegoated. proof that the creators cop the blame when the finishers around them go cold.",analysis,named comparison carries the case
121,"the commercialization of this World Cup has made the whole thing feel like a corporate event rather than an actual football tournament",hot_take,
122,"korea pressing france ridiculously high right now, it's absolute chaos out there and i am here for every single second",reaction,live running commentary
123,"the 2014 Golden Boot went to James Rodríguez — six goals for a Colombia side that went out in the quarters. individual brilliance and team progression are just two separate measures, always have been.",analysis,
124,"Spain are the most complete team here and honestly anyone picking against them is just overthinking it",hot_take,
125,"denmark have parked the bus and i'm genuinely falling asleep here. this is not the football i signed up for tonight",reaction,in-match boredom reaction
126,"Argentina conceded the opener to Saudi Arabia in 2022 and went on to win the whole thing — first champion to lose its first game since Spain back in 2010. wild stat.",analysis,record-based historical comparison
127,"Leão has every tool going and none of the football brain to match, and Portugal are going to regret leaning on him",hot_take,
128,"HAITI BEAT BRAZIL. i need to sit down. i do not understand anything about football anymore.",reaction,
129,"Buffon played five World Cups across 20 years and won in 2006, yet never lifted a Champions League — club greatness and country greatness genuinely don't always line up.",analysis,
130,"Germany are in proper decline and no amount of young talent can paper over how badly they're being managed",hot_take,
131,"that pulisic assist was absolutely FILTHY. the vision to even spot weah making that run, c'mon. unreal stuff",reaction,
132,"Bergkamp could barely get on a plane and still produced that sublime 1998 quarterfinal winner against Argentina — remembered over loads of prolific scorers because tournament-defining moments just outweigh raw tallies.",analysis,
133,"Davies is overrated defensively and good attackers are going to run straight at him all tournament long",hot_take,
134,"england playing for penalties from the FIRST minute and it's making me want to lob my remote straight through the screen",reaction,live exasperation not a portable claim
135,"the 1982 Brazil midfield — Zico, Sócrates, Falcão — is still called the best team to never win it. that whole debate exists because beauty and trophies just get judged on totally different scales.",analysis,historical reputation versus result is the point
136,"why do we keep pretending Belgium are contenders when they crumble every single time it actually gets serious?",hot_take,rhetorical question carrying implied unsupported claim
137,"0-0 at the half between germany and spain and somehow i've loved every minute. the tension is genuinely delicious",reaction,
138,"Mbappé at 19 became the youngest to score in a final since Pelé in '58 — neatly bookending World Cup scoring history across exactly 60 years. love that.",analysis,
139,"Osimhen is the most lethal striker at this tournament and frankly it's not even up for debate",hot_take,
140,"osimhen just missed an open net from TWO YARDS. how. how nigeria. how could you do this to me specifically",reaction,
141,"Kroos was knocking around 90% pass completion across multiple tournaments and won in 2014 — which is exactly why his control numbers matter more than highlight-reel assists when you're rating a deep playmaker.",analysis,
142,"Japan are the most tactically disciplined side at this World Cup and people sleep on them every single cycle",hot_take,
143,"the away end went absolutely FERAL after that morocco winner. best atmosphere of the tournament so far, no contest",reaction,
144,"Cavani and Suárez gave Uruguay a front two that reached a 2010 semi and a 2018 quarter — and a nation of three million never had that depth again. generational windows slam shut fast.",analysis,
145,"the VAR delays drag on so long they completely break the emotional rhythm of the whole match",hot_take,
146,"the serbia keeper is having the game of his LIFE, saving everything switzerland can throw at him. incredible to watch",reaction,in-match performance reaction
147,"Beckenbauer won a World Cup as a player in '74 and as a manager in '90 — only him and Zagallo have ever done both, which tells you tactical understanding genuinely transfers across roles.",analysis,historical double achievement is the evidence
148,"South Korea lean way too heavily on one player and the moment he tires they completely fall apart",hot_take,
149,"i genuinely cannot believe we've conceded from a corner AGAIN. same problem literally every game this tournament. i'm done watching",reaction,frustration at recurring issue but expiring emotion
150,"Robben and van Persie dragged the Netherlands to third in 2014, and that flying van Persie header against Spain avenged the 2010 final loss in the most statement way possible.",analysis,
151,"Kvaratskhelia is the most exciting player nobody's talking about at this World Cup and it baffles me",hot_take,
152,"haaland just shoulder-barged a defender into the middle of next week and picked up a yellow for it. worth it honestly lmao",reaction,
153,"Henry scored 51 for France but only managed six across all his World Cups combined — proof that even the most prolific club strikers can go missing on the international stage.",analysis,
154,"Senegal are the dark horse everyone keeps ignoring and that is going to come back and bite the favourites hard",hot_take,
155,"australia getting carved open in transition rn. reckon they HAVE to sit deeper second half or this is over",reaction,live tactical read tied to ongoing match
156,"Pirlo ran Italy's 2006 title with assists and that cheeky dinked final penalty — which is exactly why deep-lying playmakers now get rated above your traditional box-to-box engines.",analysis,
157,"McKennie is the single most overrated player in the USA squad and it's obvious to literally anyone actually watching",hot_take,
158,"that was NEVER a pen for portugal in a million years. i'm now fully convinced the ref's been bought",reaction,heat-of-moment ref complaint
159,"the 2018 final had six goals — most since 1966 — which broke a long run of dull, cagey finals and basically signalled the attacking sides finally winning when it counts.",analysis,record stat anchors the conclusion
160,"Nigeria have the raw talent to actually win this whole thing if they could ever just get their act together",hot_take,
161,"3-0 down and the colombia fans are STILL singing. absolute legends. never stop, never surrender, i love them",reaction,
162,"Ronaldo Nazário's eight goals in 2002 came two years after a knee injury that nearly ended his career — that's the greatest tournament comeback there is, and it well and truly outweighs his quieter 2006.",analysis,
163,"the World Cup should never have been expanded, all more teams gets you is more boring blowouts",hot_take,
164,"pedri is pulling the strings out there like he's playing a completely different sport to everyone else on the pitch. mesmerising",reaction,
165,"Messi has more World Cup appearances than anyone in history — 26 matches after 2022. that's the kind of durability record that frames his whole career above any one-tournament wonder.",analysis,
166,"Australia punch above their weight every single time and people STILL refuse to give them any respect",hot_take,
167,"sweden just scored the ugliest goal i have ever witnessed and i couldn't be happier. two-yard scramble, scuffed in, who cares!! get in",reaction,
168,"Vieri got nine across the 1998 and 2002 World Cups for Italy and is barely remembered for it — narrative and trophies will bury even elite individual scoring over time.",analysis,historical scoring stat is load-bearing
169,"Uruguay play the ugliest football at this entire tournament and the worst part is they're proud of it",hot_take,
170,"why is vinicius on the BENCH today?? whatever the manager's cooking i really hope it works because i'm stressed out my mind",reaction,in-match confusion not a standing position
171,"Colombia are the most fun team to watch and simultaneously the least reliable, and that will literally never change",hot_take,
172,"the belgium golden generation are looking very, very old and very tired against japan today. ouch. painful to watch",reaction,
173,"Switzerland are the absolute kings of doing just enough and never quite enough, and this run ends exactly the same way",hot_take,
174,"penalties. again. my nerves are completely and utterly shot. why does it ALWAYS have to come down to this for us",reaction,
175,"Denmark are massively overrated and the moment they run into a genuine top side they're going to fold",hot_take,
176,"GOAL DISALLOWED in the 95th. i have never felt so much pure joy and then so much pain in the space of two seconds",reaction,
177,"Norway not building an actual team around Haaland is the single biggest waste of talent in modern football",hot_take,
178,"uruguay are defending like their lives depend on it and honestly it might, because my blood pressure is through the absolute roof",reaction,
179,"Poland are a one-man team and the second he gets shut down there is genuinely, truly nothing else there",hot_take,
180,"that backheel from musiala to set up the goal — i've already rewound it six times. pure art, frame it and put it in a museum",reaction,
181,"Serbia have all the egos and zero cohesion and that, every single time, is exactly why they underperform",hot_take,
182,"scotland conceding in stoppage time. of COURSE they did. why on earth did i let myself believe again",reaction,
183,"Ecuador are the most underrated side at this World Cup and the big nations are going to deeply regret overlooking them",hot_take,
184,"the saudi arabia bench emptying onto the pitch after beating argentina is the best scene of the entire world cup, nothing's topping it",reaction,
185,"Saudi Arabia pouring all that money into the domestic league still hasn't made their actual national team any good",hot_take,
186,"norway 4 poland 1 and haaland STILL looks furious, he wants more. this man is simply not human i'm telling you",reaction,
187,"Jonathan David's good but Canada lean on him way too hard, and it makes the whole side completely predictable",hot_take,
188,"mexico just smacked the bar in the last minute and i genuinely fell off my couch. oh my god. OH MY GOD",reaction,
189,"the referees clearly favour the bigger nations and anybody denying it at this point simply isn't paying attention",hot_take,
190,"ref is giving absolutely everything to spain today. the home crowd at a supposedly neutral venue somehow getting every call. insane stuff",reaction,in-match ref grievance bound to this match
191,"Weah is riding his surname and is nowhere near good enough to actually be starting for the USA",hot_take,
192,"canada into the QUARTERS and i'm on the phone with my dad, both of us crying down the line. this means everything to us",reaction,
193,"Sweden being either absent or weak shows how far that football culture's fallen and weirdly nobody's talking about it",hot_take,
194,"that french comeback from 2-0 down to win 3-2 against england. i'm emotionally destroyed but my god what a game of football",reaction,
195,"Scotland always show up with bags of passion and leave with absolutely nothing, because passion was never a tactic",hot_take,
196,"the new ball is so obviously designed to inflate the goal counts and it's the keepers who are paying the price for it",hot_take,reasoned but unsupported claim about equipment
197,"home advantage is the most underrated factor in the whole thing and the hosts are going to go way further than their talent deserves",hot_take,
198,"players diving has gotten completely and utterly out of control and the officials are just letting them get away with it",hot_take,
199,"Spain lifting it would be the most deserved trophy in years and somehow there are still people out there doubting them",hot_take,
200,"the best teams here are the ones nobody's bothering to hype, and every single one of the favourites is flawed somewhere",hot_take,portable contrarian stance not tied to one match
201,"international football is just flat-out worse than club football now and this World Cup is honestly proving it",hot_take,
202,"any manager parking the bus at a World Cup is actively killing the spectacle and should genuinely be ashamed of himself",hot_take,
203,"the ""group of death"" chat is always nonsense because the seeding makes the whole draw basically meaningless anyway",hot_take,
204,"penalty shootouts are a glorified coin flip and settling a World Cup that way is an insult to the entire sport",hot_take,
205,"Mbappé's going to have a quiet tournament and France will somehow find a way to blame literally everyone except him",hot_take,borderline reaction but claim is portable
206,"this World Cup is going to be remembered for the officiating controversies more than any of the actual football, mark it",hot_take,
